date,close,open,high,low
2012-01-02,76.95,77.04,77.07,76.86
2012-01-03,76.74,76.95,76.96,76.63
2012-01-04,76.72,76.74,76.83,76.61
2012-01-05,77.17,76.72,77.25,76.66
2012-01-06,76.96,77.17,77.34,76.96
2012-01-09,76.88,76.94,77.01,76.77
2012-01-10,76.86,76.88,76.91,76.78
2012-01-11,76.87,76.86,77.04,76.84
2012-01-12,76.79,76.87,76.98,76.67
2012-01-13,76.96,76.79,77.01,76.67
2012-01-16,76.83,76.93,76.94,76.70
2012-01-17,76.82,76.83,76.88,76.56
2012-01-18,76.79,76.82,76.87,76.65
2012-01-19,77.08,76.79,77.32,76.70
2012-01-20,77.02,77.08,77.30,76.92
2012-01-23,77.00,76.97,77.08,76.87
2012-01-24,77.68,77.00,77.85,76.96
2012-01-25,77.78,77.69,78.28,77.56
2012-01-26,77.47,77.79,77.81,77.30
2012-01-27,76.69,77.47,77.47,76.65
2012-01-30,76.38,76.74,76.78,76.22
2012-01-31,76.27,76.38,76.42,76.16
2012-02-01,76.20,76.27,76.35,76.02
2012-02-02,76.19,76.20,76.24,76.05
2012-02-03,76.61,76.18,76.74,76.14
2012-02-06,76.57,76.57,76.80,76.50
2012-02-07,76.77,76.57,76.96,76.53
2012-02-08,77.07,76.77,77.19,76.72
2012-02-09,77.66,77.07,77.73,77.04
2012-02-10,77.61,77.66,77.81,77.52
2012-02-13,77.52,77.71,77.78,77.37
2012-02-14,78.41,77.52,78.54,77.51
2012-02-15,78.50,78.41,78.66,78.18
2012-02-16,78.83,78.50,78.96,78.37
2012-02-17,79.56,78.83,79.61,78.83
2012-02-20,79.62,79.79,79.79,79.36
2012-02-21,79.85,79.62,79.86,79.56
2012-02-22,80.27,79.85,80.40,79.78
2012-02-23,79.95,80.27,80.34,79.86
2012-02-24,81.20,79.94,81.22,79.94
2012-02-27,80.47,81.48,81.49,80.14
2012-02-28,80.48,80.47,80.79,80.02
2012-02-29,81.29,80.49,81.38,80.26
2012-03-01,81.09,81.29,81.32,80.84
2012-03-02,81.80,81.09,81.87,81.09
2012-03-05,81.53,81.62,81.79,81.16
2012-03-06,80.64,81.53,81.57,80.59
2012-03-07,81.36,80.64,81.36,80.59
2012-03-08,81.60,81.36,81.73,81.18
2012-03-09,82.48,81.60,82.64,81.48
2012-03-12,82.38,82.35,82.43,82.11
2012-03-13,82.96,82.38,83.08,81.97
2012-03-14,83.83,82.96,83.91,82.96
2012-03-15,83.50,83.84,84.18,83.20
2012-03-16,83.44,83.50,83.94,83.19
2012-03-19,83.38,83.46,83.57,83.02
2012-03-20,83.67,83.38,83.83,83.32
2012-03-21,83.20,83.67,84.10,83.14
2012-03-22,82.53,83.20,83.47,82.33
2012-03-23,82.35,82.53,82.95,81.99
2012-03-26,83.02,82.60,83.04,82.56
2012-03-27,83.07,83.02,83.38,82.64
2012-03-28,82.85,83.07,83.18,82.61
2012-03-29,82.29,82.84,82.87,81.92
2012-03-30,82.87,82.29,82.88,81.84
2012-04-02,81.64,82.89,83.30,81.56
2012-04-03,82.85,81.63,82.99,81.63
2012-04-04,82.44,82.85,82.94,82.10
2012-04-05,82.21,82.42,82.45,81.83
2012-04-06,81.64,82.22,82.56,81.33
2012-04-09,81.64,81.30,81.67,81.23
2012-04-10,80.68,81.65,81.86,80.65
2012-04-11,81.00,80.68,81.12,80.59
2012-04-12,80.94,81.00,81.13,80.74
2012-04-13,80.92,80.95,81.19,80.83
2012-04-16,80.41,80.92,81.00,80.30
2012-04-17,81.06,80.41,81.11,80.37
2012-04-18,81.32,81.07,81.56,81.01
2012-04-19,81.63,81.32,81.74,81.27
2012-04-20,81.52,81.63,81.78,81.48
2012-04-23,81.09,81.60,81.60,80.97
2012-04-24,81.40,81.09,81.44,80.86
2012-04-25,81.32,81.40,81.69,81.08
2012-04-26,81.07,81.32,81.42,80.67
2012-04-27,80.27,81.07,81.44,80.22
2012-04-30,79.94,80.36,80.37,79.74
2012-05-01,80.23,79.94,80.30,79.64
2012-05-02,80.14,80.23,80.61,80.06
2012-05-03,80.23,80.14,80.55,80.11
2012-05-04,79.85,80.17,80.35,79.78
2012-05-07,79.91,79.75,79.99,79.64
2012-05-08,79.88,79.88,80.07,79.68
2012-05-09,79.64,79.89,79.93,79.41
2012-05-10,79.92,79.65,80.02,79.58
2012-05-11,79.96,79.86,80.00,79.71
2012-05-14,79.90,79.95,80.18,79.66
2012-05-15,80.19,79.83,80.33,79.78
2012-05-16,80.31,80.18,80.55,80.17
2012-05-17,79.35,80.30,80.39,79.12
2012-05-18,79.03,79.32,79.45,78.97
2012-05-21,79.31,79.17,79.45,79.08
2012-05-22,79.98,79.28,80.14,79.25
2012-05-23,79.47,79.95,80.07,79.20
2012-05-24,79.57,79.46,79.63,79.31
2012-05-25,79.68,79.56,79.81,79.47
2012-05-28,79.47,79.66,79.66,79.31
2012-05-29,79.52,79.45,79.63,79.36
2012-05-30,79.09,79.52,79.56,78.85
2012-05-31,78.36,79.08,79.13,78.20
2012-06-01,78.02,78.35,78.64,77.65
2012-06-04,78.34,78.07,78.41,77.96
2012-06-05,78.77,78.31,78.84,78.09
2012-06-06,79.23,78.71,79.26,78.58
2012-06-07,79.64,79.22,79.78,79.18
2012-06-08,79.49,79.66,79.75,79.09
2012-06-11,79.42,79.55,79.71,79.34
2012-06-12,79.54,79.39,79.68,79.13
2012-06-13,79.41,79.54,79.74,79.27
2012-06-14,79.39,79.41,79.47,79.14
2012-06-15,78.72,79.39,79.51,78.59
2012-06-18,79.12,78.90,79.29,78.84
2012-06-19,78.94,79.10,79.11,78.83
2012-06-20,79.52,78.99,79.67,78.77
2012-06-21,80.27,79.45,80.33,79.36
2012-06-22,80.42,80.21,80.56,79.99
2012-06-25,79.67,80.46,80.59,79.41
2012-06-26,79.50,79.61,79.78,79.22
2012-06-27,79.71,79.50,79.87,79.32
2012-06-28,79.45,79.67,79.75,79.21
2012-06-29,79.81,79.41,79.99,79.14
2012-07-02,79.50,79.89,79.96,79.29
2012-07-03,79.84,79.48,79.93,79.40
2012-07-04,79.84,79.80,79.89,79.56
2012-07-05,79.89,79.86,80.09,79.54
2012-07-06,79.67,79.91,80.01,79.48
2012-07-09,79.58,79.65,79.74,79.41
2012-07-10,79.44,79.54,79.59,79.18
2012-07-11,79.75,79.40,79.78,79.11
2012-07-12,79.30,79.72,79.94,79.16
2012-07-13,79.22,79.27,79.39,79.07
2012-07-16,78.86,79.23,79.28,78.67
2012-07-17,79.07,78.85,79.17,78.77
2012-07-18,78.81,79.03,79.14,78.74
2012-07-19,78.59,78.78,78.82,78.42
2012-07-20,78.49,78.57,78.80,78.42
2012-07-23,78.39,78.43,78.52,77.95
2012-07-24,78.19,78.37,78.38,78.08
2012-07-25,78.17,78.16,78.27,78.04
2012-07-26,78.22,78.15,78.31,78.01
2012-07-27,78.42,78.21,78.67,78.05
2012-07-30,78.18,78.44,78.54,78.10
2012-07-31,78.13,78.17,78.30,78.02
2012-08-01,78.44,78.10,78.50,77.91
2012-08-02,78.23,78.44,78.53,78.11
2012-08-03,78.48,78.23,78.77,78.03
2012-08-06,78.25,78.46,78.63,78.13
2012-08-07,78.61,78.24,78.73,78.12
2012-08-08,78.42,78.59,78.65,78.21
2012-08-09,78.56,78.41,78.79,78.27
2012-08-10,78.28,78.55,78.64,78.14
2012-08-13,78.32,78.22,78.37,78.14
2012-08-14,78.73,78.30,78.93,78.28
2012-08-15,79.00,78.72,79.04,78.57
2012-08-16,79.34,78.99,79.39,78.89
2012-08-17,79.56,79.31,79.57,79.20
2012-08-20,79.42,79.48,79.66,79.30
2012-08-21,79.28,79.40,79.52,79.20
2012-08-22,78.58,79.26,79.36,78.33
2012-08-23,78.48,78.56,78.69,78.34
2012-08-24,78.67,78.46,78.72,78.43
2012-08-27,78.75,78.64,78.84,78.61
2012-08-28,78.51,78.74,78.77,78.43
2012-08-29,78.70,78.49,78.78,78.46
2012-08-30,78.62,78.68,78.74,78.46
2012-08-31,78.39,78.60,78.65,78.18
2012-09-03,78.26,78.37,78.39,78.18
2012-09-04,78.42,78.24,78.46,78.23
2012-09-05,78.39,78.39,78.53,78.29
2012-09-06,78.86,78.36,79.02,78.36
2012-09-07,78.27,78.85,79.01,78.00
2012-09-10,78.28,78.22,78.33,78.15
2012-09-11,77.77,78.27,78.28,77.67
2012-09-12,77.85,77.76,77.96,77.71
2012-09-13,77.49,77.83,77.87,77.11
2012-09-14,78.39,77.47,78.39,77.44
2012-09-17,78.70,78.37,78.92,78.14
2012-09-18,78.82,78.70,78.87,78.49
2012-09-19,78.38,78.80,79.21,78.24
2012-09-20,78.25,78.36,78.46,78.00
2012-09-21,78.17,78.23,78.37,78.08
2012-09-24,77.86,78.15,78.17,77.79
2012-09-25,77.80,77.85,77.92,77.64
2012-09-26,77.75,77.78,77.88,77.57
2012-09-27,77.61,77.73,77.75,77.55
2012-09-28,77.92,77.57,78.10,77.41
2012-10-01,78.00,77.89,78.14,77.77
2012-10-02,78.16,77.98,78.21,77.95
2012-10-03,78.50,78.14,78.58,78.11
2012-10-04,78.48,78.48,78.71,78.29
2012-10-05,78.67,78.46,78.87,78.26
2012-10-08,78.33,78.66,78.76,78.06
2012-10-09,78.25,78.32,78.43,78.14
2012-10-10,78.19,78.25,78.37,78.11
2012-10-11,78.33,78.18,78.58,77.92
2012-10-12,78.44,78.31,78.53,78.27
2012-10-15,78.64,78.39,78.86,78.30
2012-10-16,78.89,78.62,78.96,78.61
2012-10-17,78.94,78.88,79.04,78.59
2012-10-18,79.28,78.91,79.45,78.90
2012-10-19,79.32,79.26,79.43,79.11
2012-10-22,79.94,79.30,79.96,79.19
2012-10-23,79.86,79.94,79.99,79.69
2012-10-24,79.81,79.84,79.91,79.68
2012-10-25,80.30,79.78,80.34,79.74
2012-10-26,79.65,80.29,80.36,79.48
2012-10-29,79.81,79.63,79.84,79.51
2012-10-30,79.64,79.78,79.99,79.25
2012-10-31,79.77,79.60,79.95,79.49
2012-11-01,80.14,79.76,80.20,79.75
2012-11-02,80.47,80.12,80.67,80.10
2012-11-05,80.29,80.27,80.56,80.12
2012-11-06,80.36,80.28,80.44,79.95
2012-11-07,80.00,80.35,80.40,79.76
2012-11-08,79.47,79.98,80.00,79.31
2012-11-09,79.50,79.45,79.60,79.06
2012-11-12,79.50,79.46,79.56,79.34
2012-11-13,79.39,79.49,79.64,79.18
2012-11-14,80.25,79.38,80.30,79.36
2012-11-15,81.16,80.22,81.45,80.11
2012-11-16,81.30,81.14,81.44,80.87
2012-11-19,81.42,81.26,81.56,81.06
2012-11-20,81.67,81.41,81.75,81.11
2012-11-21,82.53,81.67,82.55,81.63
2012-11-22,82.47,82.51,82.82,82.25
2012-11-23,82.42,82.45,82.48,82.05
2012-11-26,82.07,82.39,82.62,81.90
2012-11-27,82.14,82.05,82.31,81.83
2012-11-28,82.07,82.12,82.21,81.67
2012-11-29,82.12,82.07,82.21,81.89
2012-11-30,82.48,82.10,82.74,82.02
2012-12-03,82.25,82.35,82.50,81.97
2012-12-04,81.89,82.23,82.26,81.69
2012-12-05,82.47,81.87,82.48,81.76
2012-12-06,82.41,82.46,82.61,82.18
2012-12-07,82.48,82.39,82.82,82.15
2012-12-10,82.36,82.35,82.63,82.09
2012-12-11,82.52,82.33,82.57,82.27
2012-12-12,83.25,82.51,83.29,82.45
2012-12-13,83.64,83.24,83.67,83.10
2012-12-14,83.48,83.64,83.96,83.30
2012-12-17,83.89,84.35,84.48,83.58
2012-12-18,84.20,83.86,84.27,83.79
2012-12-19,84.41,84.20,84.61,84.14
2012-12-20,84.38,84.40,84.45,83.83
2012-12-21,84.23,84.36,84.44,83.83
2012-12-24,84.94,84.21,84.94,84.20
2012-12-25,84.75,84.94,84.95,84.59
2012-12-26,85.64,84.75,85.70,84.72
2012-12-27,86.10,85.62,86.15,85.45
2012-12-28,86.02,86.09,86.63,85.92
2012-12-31,86.75,85.78,86.79,85.68
2013-01-01,86.69,86.72,86.79,86.53
2013-01-02,87.34,86.67,87.34,86.51
2013-01-03,87.23,87.32,87.36,86.74
2013-01-04,88.15,87.21,88.40,87.21
2013-01-07,87.78,88.17,88.37,87.60
2013-01-08,87.05,87.75,87.82,86.88
2013-01-09,87.88,87.03,88.01,86.81
2013-01-10,88.78,87.86,88.78,87.84
2013-01-11,89.18,88.78,89.44,88.66
2013-01-14,89.47,89.24,89.67,89.05
2013-01-15,88.79,89.46,89.63,88.27
2013-01-16,88.39,88.80,88.87,87.77
2013-01-17,89.88,88.36,90.10,88.11
2013-01-18,90.08,89.85,90.18,89.61
2013-01-21,89.61,89.96,90.25,89.32
2013-01-22,88.71,89.58,90.06,88.35
2013-01-23,88.61,88.69,88.79,88.03
2013-01-24,90.33,88.60,90.54,88.40
2013-01-25,90.92,90.30,91.19,90.26
2013-01-28,90.85,90.90,91.25,90.53
2013-01-29,90.73,90.83,91.01,90.30
2013-01-30,91.08,90.73,91.40,90.64
2013-01-31,91.72,91.07,91.77,90.71
2013-02-01,92.72,91.69,92.96,91.59
2013-02-04,92.38,92.82,93.18,92.18
2013-02-05,93.63,92.36,93.65,91.96
2013-02-06,93.64,93.61,94.06,93.26
2013-02-07,93.63,93.62,93.91,93.06
2013-02-08,92.69,93.61,93.74,92.15
2013-02-11,94.33,92.83,94.42,92.34
2013-02-12,93.47,94.30,94.40,92.96
2013-02-13,93.39,93.46,93.78,92.80
2013-02-14,92.88,93.36,93.71,92.65
2013-02-15,93.52,92.86,93.84,92.21
2013-02-18,93.95,93.65,94.20,93.60
2013-02-19,93.58,93.95,93.96,93.27
2013-02-20,93.56,93.57,94.02,93.11
2013-02-21,93.11,93.53,93.86,92.76
2013-02-22,93.41,93.08,93.50,92.90
2013-02-25,91.81,93.96,94.76,90.92
2013-02-26,91.98,91.80,92.74,91.13
2013-02-27,92.23,91.95,92.43,91.12
2013-02-28,92.56,92.20,92.85,91.98
2013-03-01,93.59,92.54,93.68,92.41
2013-03-04,93.48,93.56,93.72,93.15
2013-03-05,93.29,93.46,93.54,92.89
2013-03-06,94.08,93.28,94.11,92.98
2013-03-07,94.83,94.04,95.06,93.77
2013-03-08,96.03,94.79,96.54,94.76
2013-03-11,96.28,95.95,96.36,95.90
2013-03-12,96.08,96.26,96.71,95.62
2013-03-13,96.11,96.08,96.25,95.43
2013-03-14,96.11,96.11,96.59,95.66
2013-03-15,95.28,96.08,96.27,95.06
2013-03-18,95.22,94.10,95.60,94.03
2013-03-19,95.16,95.20,95.74,94.71
2013-03-20,96.03,95.16,96.13,94.81
2013-03-21,94.89,95.99,96.11,94.56
2013-03-22,94.52,94.90,95.13,94.18
2013-03-25,94.17,94.31,94.96,93.53
2013-03-26,94.44,94.15,94.61,93.85
2013-03-27,94.44,94.44,94.91,94.02
2013-03-28,94.14,94.42,94.49,93.85
2013-03-29,94.22,94.13,94.30,93.96
2013-04-01,93.23,94.18,94.37,93.16
2013-04-02,93.44,93.21,93.56,92.54
2013-04-03,93.06,93.42,93.69,92.69
2013-04-04,96.34,93.03,96.41,92.72
2013-04-05,97.53,96.32,97.83,95.80
2013-04-08,99.36,97.84,99.38,97.83
2013-04-09,99.03,99.34,99.66,98.58
2013-04-10,99.78,99.00,99.87,98.88
2013-04-11,99.68,99.77,99.94,99.10
2013-04-12,98.40,99.67,99.80,98.09
2013-04-15,96.78,97.78,98.70,96.34
2013-04-16,97.54,96.74,98.15,95.93
2013-04-17,98.11,97.53,98.43,97.19
2013-04-18,98.17,98.09,98.52,97.62
2013-04-19,99.52,98.14,99.68,98.08
2013-04-22,99.22,99.75,99.88,99.02
2013-04-23,99.47,99.22,99.52,98.47
2013-04-24,99.48,99.47,99.76,99.18
2013-04-25,99.25,99.47,99.56,98.95
2013-04-26,98.05,99.23,99.41,97.54
2013-04-29,97.77,98.03,98.20,97.33
2013-04-30,97.42,97.76,98.12,97.01
2013-05-01,97.39,97.42,97.67,97.03
2013-05-02,97.97,97.37,98.39,97.06
2013-05-03,99.03,97.91,99.26,97.87
2013-05-06,99.34,99.06,99.45,99.00
2013-05-07,99.02,99.33,99.43,98.82
2013-05-08,99.00,98.99,99.15,98.57
2013-05-09,100.61,98.99,100.79,98.62
2013-05-10,101.61,100.56,101.98,100.52
2013-05-13,101.83,101.84,102.14,101.49
2013-05-14,102.36,101.79,102.40,101.24
2013-05-15,102.23,102.34,102.76,101.86
2013-05-16,102.25,102.21,102.68,101.82
2013-05-17,103.21,102.23,103.30,102.05
2013-05-20,102.27,102.94,103.09,102.16
2013-05-21,102.50,102.24,102.88,102.06
2013-05-22,103.16,102.47,103.73,102.33
2013-05-23,102.03,103.13,103.56,100.82
2013-05-24,101.29,102.01,102.58,100.68
2013-05-27,100.94,101.30,101.66,100.72
2013-05-28,102.38,100.93,102.50,100.90
2013-05-29,101.16,102.34,102.52,100.71
2013-05-30,100.73,101.13,101.80,100.45
2013-05-31,100.48,100.71,101.27,100.23
2013-06-03,99.53,100.35,100.72,98.86
2013-06-04,100.03,99.52,100.41,99.30
2013-06-05,99.06,100.00,100.43,98.95
2013-06-06,96.96,99.03,99.47,95.96
2013-06-07,97.55,96.98,97.75,95.02
2013-06-10,98.77,97.50,99.28,97.40
2013-06-11,96.03,98.76,99.04,95.60
2013-06-12,96.03,96.01,97.02,95.13
2013-06-13,95.38,96.01,96.08,93.78
2013-06-14,94.08,95.35,95.81,93.99
2013-06-17,94.51,94.10,95.21,94.08
2013-06-18,95.33,94.49,95.76,94.43
2013-06-19,96.47,95.31,97.01,94.81
2013-06-20,97.28,96.45,98.28,96.19
2013-06-21,97.90,97.26,98.13,96.84
2013-06-24,97.73,97.84,98.70,97.21
2013-06-25,97.81,97.70,98.05,96.96
2013-06-26,97.75,97.78,98.23,97.24
2013-06-27,98.36,97.72,98.57,97.54
2013-06-28,99.14,98.33,99.45,98.33
2013-07-01,99.67,99.25,99.86,99.16
2013-07-02,100.63,99.64,100.72,99.48
2013-07-03,99.92,100.61,100.85,99.24
2013-07-04,100.05,99.89,100.15,99.47
2013-07-05,101.20,100.03,101.22,99.86
2013-07-08,100.97,101.17,101.53,100.77
2013-07-09,101.16,100.94,101.29,100.75
2013-07-10,99.67,101.13,101.21,99.41
2013-07-11,98.96,99.65,99.86,98.27
2013-07-12,99.22,98.94,99.69,98.66
2013-07-15,99.86,99.30,100.48,99.06
2013-07-16,99.09,99.85,100.07,98.88
2013-07-17,99.58,99.07,99.93,99.04
2013-07-18,100.42,99.58,100.65,99.45
2013-07-19,100.65,100.40,100.86,99.83
2013-07-22,99.67,100.70,100.71,99.28
2013-07-23,99.43,99.65,100.18,99.13
2013-07-24,100.25,99.41,100.43,99.37
2013-07-25,99.30,100.23,100.45,98.88
2013-07-26,98.28,99.27,99.41,97.94
2013-07-29,97.95,98.08,98.33,97.61
2013-07-30,98.03,97.93,98.46,97.74
2013-07-31,97.88,98.03,98.52,97.56
2013-08-01,99.55,97.86,99.57,97.63
2013-08-02,98.97,99.53,99.94,98.65
2013-08-05,98.31,98.88,99.15,98.16
2013-08-06,97.75,98.27,98.58,97.51
2013-08-07,96.33,97.72,97.80,96.30
2013-08-08,96.73,96.31,96.93,95.79
2013-08-09,96.22,96.69,96.96,96.11
2013-08-12,96.91,96.19,96.93,95.92
2013-08-13,98.20,96.88,98.34,96.83
2013-08-14,98.14,98.19,98.42,97.84
2013-08-15,97.37,98.11,98.64,97.09
2013-08-16,97.53,97.35,97.77,97.03
2013-08-19,97.56,97.51,98.12,97.34
2013-08-20,97.28,97.55,97.86,96.88
2013-08-21,97.67,97.25,97.98,97.10
2013-08-22,98.73,97.66,98.80,97.55
2013-08-23,98.75,98.71,99.15,98.38
2013-08-26,98.51,98.20,98.84,98.19
2013-08-27,97.03,98.50,98.53,96.96
2013-08-28,97.64,97.01,97.83,96.83
2013-08-29,98.35,97.62,98.51,97.43
2013-08-30,98.17,98.36,98.47,97.86
2013-09-02,99.33,98.34,99.42,98.25
2013-09-03,99.58,99.32,99.86,99.14
2013-09-04,99.76,99.56,99.82,99.30
2013-09-05,100.12,99.73,100.19,99.55
2013-09-06,99.11,100.09,100.22,98.53
2013-09-09,99.58,99.82,100.10,99.32
2013-09-10,100.41,99.56,100.46,99.46
2013-09-11,99.88,100.37,100.60,99.77
2013-09-12,99.55,99.87,99.99,98.99
2013-09-13,99.36,99.54,99.97,99.17
2013-09-16,99.08,99.45,99.48,98.53
2013-09-17,99.12,99.04,99.38,98.97
2013-09-18,97.94,99.11,99.33,97.75
2013-09-19,99.45,97.93,99.58,97.85
2013-09-20,99.31,99.47,99.67,99.14
2013-09-23,98.84,99.15,99.36,98.62
2013-09-24,98.73,98.83,99.17,98.45
2013-09-25,98.44,98.73,98.81,98.35
2013-09-26,98.99,98.44,99.13,98.24
2013-09-27,98.26,98.97,99.04,98.07
2013-09-30,98.23,97.92,98.46,97.48
2013-10-01,98.00,98.19,98.72,97.64
2013-10-02,97.36,97.97,98.08,97.12
2013-10-03,97.27,97.32,97.87,96.92
2013-10-04,97.47,97.24,97.48,96.93
2013-10-07,96.71,97.42,97.44,96.66
2013-10-08,96.88,96.69,97.25,96.55
2013-10-09,97.34,96.86,97.65,96.79
2013-10-10,98.16,97.33,98.27,97.30
2013-10-11,98.58,98.13,98.59,97.90
2013-10-14,98.58,98.07,98.58,98.05
2013-10-15,98.17,98.55,98.70,98.07
2013-10-16,98.77,98.15,98.97,98.12
2013-10-17,97.91,98.76,99.00,97.71
2013-10-18,97.73,97.90,98.15,97.53
2013-10-21,98.19,97.70,98.24,97.66
2013-10-22,98.14,98.17,98.48,97.86
2013-10-23,97.38,98.12,98.19,97.13
2013-10-24,97.28,97.37,97.61,97.15
2013-10-25,97.42,97.27,97.49,96.92
2013-10-28,97.68,97.55,97.79,97.43
2013-10-29,98.19,97.65,98.27,97.43
2013-10-30,98.51,98.17,98.67,98.05
2013-10-31,98.36,98.50,98.57,98.07
2013-11-01,98.69,98.33,98.84,97.79
2013-11-04,98.61,98.70,98.84,98.51
2013-11-05,98.50,98.59,98.67,98.14
2013-11-06,98.66,98.49,98.75,98.38
2013-11-07,98.09,98.65,99.41,97.63
2013-11-08,99.08,98.08,99.21,97.96
2013-11-11,99.16,99.16,99.30,98.89
2013-11-12,99.64,99.13,99.79,99.07
2013-11-13,99.25,99.60,99.67,99.08
2013-11-14,100.02,99.22,100.15,99.11
2013-11-15,100.19,100.00,100.43,99.93
2013-11-18,100.00,100.16,100.39,99.77
2013-11-19,100.15,99.97,100.25,99.55
2013-11-20,100.03,100.12,100.23,99.77
2013-11-21,101.16,100.02,101.16,99.98
2013-11-22,101.28,101.15,101.35,100.92
2013-11-25,101.68,101.25,101.91,101.11
2013-11-26,101.30,101.67,101.71,101.13
2013-11-27,102.17,101.26,102.19,101.16
2013-11-28,102.32,102.13,102.37,101.91
2013-11-29,102.44,102.30,102.60,102.09
2013-12-02,102.95,102.42,103.13,102.20
2013-12-03,102.52,102.93,103.37,101.97
2013-12-04,102.36,102.48,102.83,101.81
2013-12-05,101.78,102.34,102.44,101.61
2013-12-06,102.91,101.76,102.96,101.61
2013-12-09,103.28,102.90,103.33,102.86
2013-12-10,102.84,103.27,103.39,102.55
2013-12-11,102.44,102.85,102.94,102.19
2013-12-12,103.38,102.41,103.43,102.35
2013-12-13,103.22,103.36,103.92,102.97
2013-12-16,103.03,103.19,103.32,102.62
2013-12-17,102.67,103.00,103.10,102.47
2013-12-18,104.28,102.65,104.35,102.53
2013-12-19,104.25,104.24,104.36,103.78
2013-12-20,104.08,104.23,104.63,103.84
2013-12-23,104.11,104.08,104.12,103.75
2013-12-24,104.36,104.09,104.41,104.07
2013-12-25,104.38,104.33,104.49,104.24
2013-12-26,104.81,104.35,104.84,104.35
2013-12-27,105.17,104.79,105.18,104.62
2013-12-30,105.16,105.13,105.41,104.95
2013-12-31,105.31,105.13,105.35,104.83
2014-01-01,105.25,105.28,105.40,105.18
2014-01-02,104.77,105.23,105.44,104.52
2014-01-03,104.86,104.78,104.87,104.05
2014-01-06,104.22,104.85,104.94,103.88
2014-01-07,104.62,104.20,104.73,104.16
2014-01-08,104.86,104.58,105.12,104.56
2014-01-09,104.83,104.83,105.05,104.55
2014-01-10,104.15,104.83,105.12,103.82
2014-01-13,103.00,104.09,104.13,102.83
2014-01-14,104.22,102.97,104.28,102.97
2014-01-15,104.56,104.20,104.69,104.06
2014-01-16,104.36,104.54,104.94,104.12
2014-01-17,104.31,104.33,104.50,104.17
2014-01-20,104.18,104.26,104.34,103.84
2014-01-21,104.32,104.18,104.76,104.01
2014-01-22,104.52,104.28,104.58,103.95
2014-01-23,103.27,104.50,104.84,102.95
2014-01-24,102.30,103.24,103.59,101.98
2014-01-27,102.55,102.37,102.94,101.77
2014-01-28,102.97,102.54,103.27,102.46
2014-01-29,102.30,102.94,103.46,101.83
2014-01-30,102.72,102.28,102.92,102.04
2014-01-31,102.03,102.71,102.94,101.94
2014-02-03,100.99,102.02,102.42,100.76
2014-02-04,101.65,100.98,101.68,100.74
2014-02-05,101.44,101.64,101.77,100.77
2014-02-06,102.11,101.43,102.19,101.21
2014-02-07,102.34,102.08,102.58,101.41
2014-02-10,102.25,102.28,102.66,101.97
2014-02-11,102.64,102.24,102.70,102.05
2014-02-12,102.53,102.62,102.69,102.20
2014-02-13,102.17,102.52,102.59,101.68
2014-02-14,101.80,102.18,102.43,101.55
2014-02-17,101.94,101.80,102.00,101.37
2014-02-18,102.37,101.93,102.75,101.78
2014-02-19,102.33,102.34,102.47,101.83
2014-02-20,102.27,102.29,102.42,101.65
2014-02-21,102.53,102.27,102.83,102.24
2014-02-24,102.50,102.53,102.70,102.14
2014-02-25,102.23,102.50,102.64,101.98
2014-02-26,102.38,102.23,102.64,102.07
2014-02-27,102.13,102.36,102.46,101.70
2014-02-28,101.81,102.12,102.28,101.53
2014-03-03,101.45,101.54,101.67,101.17
2014-03-04,102.21,101.44,102.29,101.37
2014-03-05,102.31,102.20,102.56,102.08
2014-03-06,103.07,102.29,103.17,102.24
2014-03-07,103.28,103.05,103.78,102.81
2014-03-10,103.27,102.97,103.42,102.78
2014-03-11,103.02,103.24,103.44,102.83
2014-03-12,102.77,103.00,103.11,102.53
2014-03-13,101.84,102.74,102.87,101.52
2014-03-14,101.36,101.83,101.89,101.18
2014-03-17,101.77,101.32,101.88,101.23
2014-03-18,101.44,101.75,101.97,101.25
2014-03-19,102.34,101.41,102.69,101.27
2014-03-20,102.40,102.30,102.56,102.17
2014-03-21,102.27,102.38,102.48,101.99
2014-03-24,102.25,102.23,102.66,102.09
2014-03-25,102.27,102.22,102.48,102.08
2014-03-26,102.05,102.23,102.47,101.85
2014-03-27,102.17,102.06,102.44,101.71
2014-03-28,102.81,102.17,103.00,102.01
2014-03-31,103.22,102.82,103.45,102.75
2014-04-01,103.64,103.19,103.72,103.06
2014-04-02,103.88,103.63,103.95,103.56
2014-04-03,103.92,103.87,104.12,103.78
2014-04-04,103.28,103.90,104.12,103.17
2014-04-07,103.11,103.29,103.42,102.97
2014-04-08,101.81,103.09,103.14,101.52
2014-04-09,101.98,101.78,102.17,101.70
2014-04-10,101.53,101.96,102.16,101.31
2014-04-11,101.61,101.51,101.89,101.31
2014-04-14,101.84,101.55,102.03,101.39
2014-04-15,101.93,101.82,102.01,101.47
2014-04-16,102.23,101.91,102.38,101.77
2014-04-17,102.39,102.22,102.47,101.85
2014-04-18,102.42,102.37,102.59,102.34
2014-04-21,102.62,102.48,102.71,102.36
2014-04-22,102.62,102.60,102.74,102.38
2014-04-23,102.54,102.61,102.70,102.15
2014-04-24,102.32,102.53,102.66,102.07
2014-04-25,102.17,102.29,102.52,101.94
2014-04-28,102.50,102.15,102.64,102.02
2014-04-29,102.64,102.48,102.81,102.44
2014-04-30,102.26,102.61,102.68,102.02
2014-05-01,102.34,102.22,102.38,102.10
2014-05-02,102.19,102.32,103.03,102.11
2014-05-05,102.14,102.14,102.27,101.84
2014-05-06,101.69,102.12,102.19,101.48
2014-05-07,101.92,101.67,102.00,101.40
2014-05-08,101.66,101.90,101.97,101.44
2014-05-09,101.86,101.64,101.86,101.52
2014-05-12,102.12,101.75,102.19,101.73
2014-05-13,102.26,102.12,102.37,102.03
2014-05-14,101.89,102.25,102.30,101.70
2014-05-15,101.58,101.88,102.12,101.30
2014-05-16,101.52,101.55,101.70,101.33
2014-05-19,101.51,101.51,101.61,101.07
2014-05-20,101.33,101.51,101.61,101.16
2014-05-21,101.38,101.31,101.64,100.80
2014-05-22,101.73,101.33,101.83,101.32
2014-05-23,101.97,101.72,102.01,101.56
2014-05-26,101.95,101.94,102.06,101.81
2014-05-27,101.99,101.93,102.16,101.70
2014-05-28,101.84,101.97,102.05,101.62
2014-05-29,101.80,101.83,101.86,101.41
2014-05-30,101.78,101.78,101.84,101.48
2014-06-02,102.39,101.81,102.50,101.72
2014-06-03,102.50,102.38,102.58,102.24
2014-06-04,102.75,102.50,102.81,102.41
2014-06-05,102.39,102.74,102.78,102.32
2014-06-06,102.48,102.39,102.62,102.10
2014-06-09,102.53,102.45,102.66,102.35
2014-06-10,102.36,102.52,102.58,102.19
2014-06-11,102.08,102.33,102.41,101.84
2014-06-12,101.72,102.06,102.17,101.57
2014-06-13,102.07,101.71,102.15,101.63
2014-06-16,101.84,102.03,102.11,101.69
2014-06-17,102.14,101.83,102.25,101.78
2014-06-18,101.92,102.14,102.33,101.86
2014-06-19,101.94,101.91,102.03,101.71
2014-06-20,102.08,101.94,102.20,101.78
2014-06-23,101.95,102.08,102.15,101.78
2014-06-24,101.97,101.93,102.17,101.78
2014-06-25,101.88,101.97,101.98,101.60
2014-06-26,101.73,101.86,101.86,101.47
2014-06-27,101.38,101.72,101.75,101.29
2014-06-30,101.33,101.42,101.50,101.21
2014-07-01,101.53,101.32,101.59,101.26
2014-07-02,101.79,101.52,101.86,101.38
2014-07-03,102.19,101.75,102.27,101.73
2014-07-04,102.12,102.18,102.24,101.94
2014-07-07,101.84,102.03,102.22,101.76
2014-07-08,101.58,101.84,101.90,101.46
2014-07-09,101.64,101.56,101.86,101.42
2014-07-10,101.33,101.62,101.69,101.04
2014-07-11,101.38,101.33,101.41,101.19
2014-07-14,101.55,101.37,101.64,101.30
2014-07-15,101.69,101.53,101.75,101.42
2014-07-16,101.68,101.66,101.80,101.61
2014-07-17,101.17,101.65,101.72,101.12
2014-07-18,101.33,101.17,101.45,101.08
2014-07-21,101.40,101.38,101.40,101.16
2014-07-22,101.47,101.37,101.61,101.30
2014-07-23,101.48,101.45,101.56,101.29
2014-07-24,101.81,101.46,101.86,101.38
2014-07-25,101.84,101.81,101.95,101.68
2014-07-28,101.86,101.74,101.91,101.72
2014-07-29,102.13,101.83,102.17,101.79
2014-07-30,102.80,102.12,103.09,102.00
2014-07-31,102.80,102.78,103.00,102.69
2014-08-01,102.63,102.78,103.04,102.32
2014-08-04,102.59,102.57,102.75,102.38
2014-08-05,102.59,102.56,102.92,102.43
2014-08-06,102.11,102.57,102.66,101.77
2014-08-07,102.11,102.09,102.47,101.97
2014-08-08,102.06,102.09,102.16,101.49
2014-08-11,102.19,102.05,102.23,101.99
2014-08-12,102.26,102.17,102.37,102.06
2014-08-13,102.43,102.25,102.56,102.20
2014-08-14,102.44,102.43,102.67,102.28
2014-08-15,102.36,102.43,102.73,102.12
2014-08-18,102.57,102.20,102.60,102.15
2014-08-19,102.91,102.56,102.94,102.50
2014-08-20,103.75,102.90,103.86,102.86
2014-08-21,103.83,103.75,103.97,103.58
2014-08-22,103.94,103.84,104.20,103.48
2014-08-25,104.06,104.40,104.45,103.84
2014-08-26,104.07,104.04,104.19,103.72
2014-08-27,103.86,104.07,104.17,103.75
2014-08-28,103.72,103.87,103.94,103.53
2014-08-29,104.08,103.71,104.14,103.62
2014-09-01,104.36,104.03,104.36,104.03
2014-09-02,105.08,104.35,105.20,104.27
2014-09-03,104.81,105.09,105.31,104.72
2014-09-04,105.27,104.78,105.37,104.74
2014-09-05,105.10,105.24,105.72,104.67
2014-09-08,106.03,105.07,106.09,104.90
2014-09-09,106.19,106.02,106.48,105.91
2014-09-10,106.84,106.17,106.91,106.01
2014-09-11,107.11,106.84,107.20,106.62
2014-09-12,107.33,107.10,107.41,106.94
2014-09-15,107.17,107.25,107.38,106.99
2014-09-16,107.12,107.16,107.33,106.79
2014-09-17,108.39,107.13,108.40,107.07
2014-09-18,108.71,108.37,108.98,108.29
2014-09-19,109.05,108.65,109.48,108.57
2014-09-22,108.84,109.04,109.19,108.64
2014-09-23,108.89,108.81,109.00,108.24
2014-09-24,109.03,108.88,109.17,108.43
2014-09-25,108.75,109.02,109.39,108.49
2014-09-26,109.28,108.75,109.53,108.45
2014-09-29,109.48,109.16,109.77,109.11
2014-09-30,109.66,109.48,109.86,109.16
2014-10-01,108.89,109.63,110.11,108.84
2014-10-02,108.42,108.88,109.14,107.99
2014-10-03,109.77,108.40,109.92,108.32
2014-10-06,108.80,109.75,109.87,108.64
2014-10-07,108.03,108.78,109.25,107.81
2014-10-08,108.08,108.03,108.73,107.74
2014-10-09,107.84,108.06,108.32,107.50
2014-10-10,107.67,107.83,108.17,107.60
2014-10-13,106.86,107.60,107.66,106.76
2014-10-14,107.06,106.82,107.33,106.65
2014-10-15,105.92,107.05,107.52,105.18
2014-10-16,106.33,105.90,106.47,105.49
2014-10-17,106.88,106.30,106.94,106.11
2014-10-20,106.95,106.96,107.41,106.76
2014-10-21,107.00,106.94,107.05,106.22
2014-10-22,107.14,107.00,107.39,106.75
2014-10-23,108.27,107.13,108.36,107.08
2014-10-24,108.16,108.26,108.33,107.77
2014-10-27,107.81,108.12,108.38,107.58
2014-10-28,108.16,107.81,108.19,107.68
2014-10-29,108.89,108.14,108.97,107.92
2014-10-30,109.21,108.87,109.47,108.73
2014-10-31,112.33,109.21,112.50,109.15
2014-11-03,114.05,112.46,114.22,112.41
2014-11-04,113.60,114.04,114.06,113.15
2014-11-05,114.64,113.58,114.86,113.39
2014-11-06,115.21,114.64,115.50,114.11
2014-11-07,114.54,115.20,115.47,114.23
2014-11-10,114.86,114.47,114.92,113.84
2014-11-11,115.78,114.85,116.10,114.61
2014-11-12,115.48,115.76,116.02,114.88
2014-11-13,115.75,115.47,115.89,115.30
2014-11-14,116.28,115.76,116.83,115.71
2014-11-17,116.65,116.36,117.05,115.44
2014-11-18,116.87,116.64,117.04,116.34
2014-11-19,117.98,116.86,118.06,116.81
2014-11-20,118.22,117.94,118.97,117.72
2014-11-21,117.81,118.18,118.38,117.33
2014-11-24,118.28,117.75,118.50,117.55
2014-11-25,117.97,118.25,118.58,117.67
2014-11-26,117.73,117.98,117.99,117.41
2014-11-27,117.70,117.72,117.91,117.22
2014-11-28,118.64,117.70,118.80,117.69
2014-12-01,118.39,118.68,119.14,117.86
2014-12-02,119.22,118.39,119.31,118.20
2014-12-03,119.80,119.20,119.89,119.09
2014-12-04,119.78,119.79,120.25,119.32
2014-12-05,121.42,119.75,121.69,119.67
2014-12-08,120.69,121.44,121.86,120.18
2014-12-09,119.69,120.69,121.00,117.93
2014-12-10,117.81,119.69,119.92,117.71
2014-12-11,118.67,117.78,119.57,117.43
2014-12-12,118.80,118.64,119.22,118.03
2014-12-15,117.83,119.05,119.08,117.54
2014-12-16,116.41,117.80,118.03,115.56
2014-12-17,118.66,116.39,118.91,116.29
2014-12-18,118.83,118.62,119.31,118.23
2014-12-19,119.50,118.83,119.64,118.80
2014-12-22,120.06,119.38,120.09,119.29
2014-12-23,120.69,120.05,120.83,119.98
2014-12-24,120.50,120.69,120.78,120.24
2014-12-25,120.10,120.49,120.52,119.98
2014-12-26,120.41,120.08,120.47,120.08
2014-12-29,120.67,120.37,120.75,120.14
2014-12-30,119.48,120.65,120.71,118.84
2014-12-31,119.69,119.46,119.94,119.22
2015-01-01,119.79,119.67,119.87,119.64
2015-01-02,120.50,119.78,120.75,119.71
2015-01-05,119.64,120.46,120.64,119.38
2015-01-06,118.41,119.61,119.64,118.04
2015-01-07,119.25,118.40,119.64,118.35
2015-01-08,119.66,119.23,119.97,119.13
2015-01-09,118.53,119.66,119.91,118.40
2015-01-12,118.35,118.50,119.34,118.08
2015-01-13,117.93,118.33,118.85,117.53
2015-01-14,117.33,117.93,117.97,116.05
2015-01-15,116.17,117.32,117.94,116.13
2015-01-16,117.64,116.15,117.78,115.82
2015-01-19,117.57,117.60,117.80,116.91
2015-01-20,118.81,117.55,118.89,117.53
2015-01-21,117.95,118.79,118.86,117.16
2015-01-22,118.49,117.93,118.67,117.24
2015-01-23,117.78,118.48,118.84,117.52
2015-01-26,118.46,117.76,118.51,117.25
2015-01-27,117.87,118.45,118.67,117.32
2015-01-28,117.55,117.85,118.27,117.25
2015-01-29,118.29,117.53,118.51,117.36
2015-01-30,117.45,118.29,118.47,117.28
2015-02-02,117.59,117.45,117.88,116.65
2015-02-03,117.57,117.60,117.76,116.86
2015-02-04,117.28,117.55,118.00,117.05
2015-02-05,117.53,117.24,117.61,116.99
2015-02-06,118.98,117.51,119.24,117.16
2015-02-09,118.64,119.16,119.20,118.31
2015-02-10,119.43,118.61,119.63,118.37
2015-02-11,120.47,119.41,120.50,119.26
2015-02-12,119.11,120.45,120.47,118.49
2015-02-13,118.75,119.10,119.22,118.40
2015-02-16,118.48,118.74,118.87,118.16
2015-02-17,119.25,118.46,119.44,118.21
2015-02-18,118.79,119.25,119.42,118.52
2015-02-19,118.94,118.78,119.19,118.45
2015-02-20,119.03,118.93,119.20,118.27
2015-02-23,118.81,119.00,119.36,118.71
2015-02-24,118.98,118.81,119.84,118.74
2015-02-25,118.86,118.96,119.08,118.59
2015-02-26,119.42,118.86,119.51,118.65
2015-02-27,119.54,119.41,119.82,119.09
2015-03-02,120.13,119.55,120.19,119.55
2015-03-03,119.73,120.12,120.27,119.35
2015-03-04,119.68,119.72,119.85,119.45
2015-03-05,120.15,119.65,120.41,119.60
2015-03-06,120.84,120.12,121.29,119.88
2015-03-09,121.16,120.80,121.42,120.58
2015-03-10,121.14,121.15,122.03,120.91
2015-03-11,121.45,121.11,121.63,120.85
2015-03-12,121.30,121.42,121.69,120.67
2015-03-13,121.39,121.27,121.58,121.11
2015-03-16,121.33,121.37,121.50,121.07
2015-03-17,121.36,121.32,121.53,121.09
2015-03-18,120.11,121.36,121.42,119.38
2015-03-19,120.80,120.09,121.05,119.66
2015-03-20,120.03,120.79,121.20,119.88
2015-03-23,119.73,120.05,120.17,119.57
2015-03-24,119.75,119.71,120.00,119.21
2015-03-25,119.50,119.75,119.85,119.22
2015-03-26,119.20,119.48,119.59,118.30
2015-03-27,119.14,119.18,119.53,118.91
2015-03-30,120.08,119.12,120.23,119.09
2015-03-31,120.14,120.06,120.38,119.76
2015-04-01,119.77,120.10,120.34,119.40
2015-04-02,119.72,119.76,119.91,119.42
2015-04-03,118.97,119.71,119.80,118.69
2015-04-06,119.53,118.93,119.69,118.77
2015-04-07,120.28,119.52,120.45,119.41
2015-04-08,120.14,120.24,120.36,119.62
2015-04-09,120.59,120.12,120.76,119.83
2015-04-10,120.22,120.59,120.64,120.03
2015-04-13,120.14,120.19,120.88,119.74
2015-04-14,119.39,120.10,120.19,119.04
2015-04-15,119.15,119.39,119.76,118.76
2015-04-16,119.01,119.15,119.49,118.77
2015-04-17,118.92,118.99,119.28,118.54
2015-04-20,119.20,118.80,119.45,118.51
2015-04-21,119.67,119.14,119.83,119.14
2015-04-22,119.92,119.65,119.97,119.32
2015-04-23,119.58,119.91,120.11,119.40
2015-04-24,118.98,119.58,119.67,118.80
2015-04-27,119.04,118.98,119.44,118.75
2015-04-28,118.86,119.00,119.22,118.75
2015-04-29,119.04,118.82,119.38,118.58
2015-04-30,119.36,118.98,119.92,118.47
2015-05-01,120.17,119.37,120.30,119.34
2015-05-04,120.14,120.15,120.31,119.97
2015-05-05,119.85,120.10,120.54,119.71
2015-05-06,119.47,119.84,120.08,119.18
2015-05-07,119.73,119.43,119.86,119.03
2015-05-08,119.81,119.72,120.25,119.58
2015-05-11,120.08,119.65,120.17,119.43
2015-05-12,119.86,120.07,120.28,119.76
2015-05-13,119.16,119.86,119.99,119.01
2015-05-14,119.17,119.15,119.38,118.86
2015-05-15,119.29,119.13,119.95,119.13
2015-05-18,119.99,119.25,120.04,119.22
2015-05-19,120.69,119.98,120.73,119.80
2015-05-20,121.36,120.68,121.48,120.56
2015-05-21,121.04,121.31,121.40,120.82
2015-05-22,121.55,121.02,121.58,120.61
2015-05-25,121.56,121.48,121.78,121.42
2015-05-26,123.11,121.55,123.34,121.48
2015-05-27,123.67,123.05,124.08,122.76
2015-05-28,123.95,123.61,124.47,123.47
2015-05-29,124.14,123.95,124.22,123.58
2015-06-01,124.78,124.10,124.93,123.85
2015-06-02,124.11,124.76,125.06,123.74
2015-06-03,124.25,124.11,124.69,123.77
2015-06-04,124.38,124.24,124.69,123.76
2015-06-05,125.62,124.35,125.86,124.32
2015-06-08,124.48,125.58,125.69,124.28
2015-06-09,124.34,124.46,124.75,123.84
2015-06-10,122.67,124.32,124.64,122.43
2015-06-11,123.42,122.67,124.15,122.60
2015-06-12,123.39,123.39,123.83,123.11
2015-06-15,123.42,123.34,123.67,123.10
2015-06-16,123.36,123.41,123.79,123.27
2015-06-17,123.44,123.34,124.45,123.19
2015-06-18,122.97,123.42,123.61,122.46
2015-06-19,122.67,122.95,123.25,122.53
2015-06-22,123.38,122.81,123.44,122.54
2015-06-23,123.95,123.35,124.19,123.32
2015-06-24,123.85,123.93,124.38,123.69
2015-06-25,123.62,123.84,123.97,123.30
2015-06-26,123.86,123.60,123.98,123.20
2015-06-29,122.54,122.70,123.20,122.10
2015-06-30,122.50,122.53,122.73,121.92
2015-07-01,123.17,122.46,123.25,122.33
2015-07-02,123.06,123.16,123.75,122.94
2015-07-03,122.81,123.03,123.20,122.57
2015-07-06,122.58,122.05,122.94,121.72
2015-07-07,122.55,122.56,122.89,121.98
2015-07-08,120.70,122.52,122.58,120.38
2015-07-09,121.34,120.71,121.58,120.44
2015-07-10,122.75,121.33,122.89,121.25
2015-07-13,123.44,122.00,123.55,122.00
2015-07-14,123.38,123.42,123.75,122.91
2015-07-15,123.78,123.36,123.99,123.23
2015-07-16,124.16,123.76,124.19,123.71
2015-07-17,124.08,124.15,124.23,123.89
2015-07-20,124.27,124.06,124.39,123.96
2015-07-21,123.89,124.26,124.50,123.73
2015-07-22,123.97,123.85,124.17,123.54
2015-07-23,123.92,123.94,124.20,123.65
2015-07-24,123.82,123.90,124.12,123.57
2015-07-27,123.25,123.71,123.86,122.98
2015-07-28,123.56,123.25,123.81,123.04
2015-07-29,123.94,123.56,124.03,123.30
2015-07-30,124.14,123.93,124.58,123.85
2015-07-31,123.94,124.15,124.39,123.50
2015-08-03,124.03,124.00,124.30,123.83
2015-08-04,124.39,124.00,124.41,123.77
2015-08-05,124.90,124.38,125.03,123.99
2015-08-06,124.74,124.85,124.97,124.52
2015-08-07,124.22,124.74,125.08,124.08
2015-08-10,124.63,124.13,124.80,124.12
2015-08-11,125.13,124.61,125.23,124.49
2015-08-12,124.21,125.10,125.29,123.77
2015-08-13,124.42,124.18,124.64,124.06
2015-08-14,124.31,124.40,124.56,124.02
2015-08-17,124.39,124.39,124.58,124.19
2015-08-18,124.41,124.37,124.53,124.16
2015-08-19,123.81,124.39,124.50,123.68
2015-08-20,123.41,123.78,124.17,123.31
2015-08-21,122.03,123.40,123.50,121.80
2015-08-24,118.42,121.68,122.04,116.46
2015-08-25,118.88,118.39,120.41,118.23
2015-08-26,119.92,118.84,120.03,118.43
2015-08-27,121.03,119.90,121.39,119.77
2015-08-28,121.72,121.00,121.73,120.63
2015-08-31,121.22,121.65,121.75,120.86
2015-09-01,119.38,121.20,121.28,119.26
2015-09-02,120.33,119.37,120.47,119.20
2015-09-03,120.08,120.32,120.70,119.62
2015-09-04,119.00,120.05,120.19,118.75
2015-09-07,119.28,118.65,119.58,118.65
2015-09-08,119.81,119.27,120.23,118.83
2015-09-09,120.51,119.81,121.22,119.78
2015-09-10,120.61,120.51,121.34,119.95
2015-09-11,120.58,120.60,120.99,120.34
2015-09-14,120.23,120.58,120.84,119.83
2015-09-15,120.44,120.23,120.67,119.38
2015-09-16,120.56,120.40,120.73,120.08
2015-09-17,120.00,120.54,121.02,119.77
2015-09-18,120.00,119.98,120.30,119.03
2015-09-21,120.55,119.79,120.67,119.71
2015-09-22,120.15,120.56,120.64,119.68
2015-09-23,120.30,120.12,120.56,119.61
2015-09-24,120.08,120.25,120.41,119.21
2015-09-25,120.58,120.06,121.26,119.99
2015-09-28,119.92,120.51,120.59,119.67
2015-09-29,119.73,119.91,120.17,119.22
2015-09-30,119.86,119.72,120.38,119.54
2015-10-01,119.94,119.85,120.30,119.48
2015-10-02,119.91,119.92,120.42,118.67
2015-10-05,120.46,119.97,120.56,119.85
2015-10-06,120.25,120.46,120.58,120.08
2015-10-07,120.02,120.20,120.36,119.72
2015-10-08,119.94,120.00,120.12,119.60
2015-10-09,120.28,119.93,120.38,119.82
2015-10-12,120.03,120.24,120.28,119.86
2015-10-13,119.75,120.04,120.08,119.53
2015-10-14,118.83,119.73,119.81,118.62
2015-10-15,118.89,118.81,119.18,118.04
2015-10-16,119.44,118.88,119.69,118.80
2015-10-19,119.50,119.47,119.58,119.12
2015-10-20,119.84,119.47,119.98,119.38
2015-10-21,119.95,119.83,120.11,119.73
2015-10-22,120.69,119.90,120.79,119.59
2015-10-23,121.47,120.69,121.50,120.21
2015-10-26,121.09,121.41,121.53,120.59
2015-10-27,120.46,121.10,121.11,120.14
2015-10-28,121.09,120.44,121.28,120.23
2015-10-29,121.13,121.08,121.19,120.56
2015-10-30,120.62,121.12,121.47,120.26
2015-11-02,120.75,120.63,120.81,120.24
2015-11-03,121.06,120.73,121.23,120.57
2015-11-04,121.56,121.06,121.73,120.98
2015-11-05,121.75,121.56,122.01,121.35
2015-11-06,123.16,121.74,123.29,121.60
2015-11-09,123.19,123.14,123.61,122.95
2015-11-10,123.14,123.17,123.45,123.00
2015-11-11,122.84,123.16,123.25,122.73
2015-11-12,122.61,122.85,123.09,122.53
2015-11-13,122.64,122.59,123.00,122.43
2015-11-16,123.17,122.32,123.30,122.20
2015-11-17,123.45,123.17,123.50,123.14
2015-11-18,123.64,123.43,123.69,123.19
2015-11-19,122.86,123.62,123.64,122.60
2015-11-20,122.91,122.85,123.07,122.70
2015-11-23,122.84,122.77,123.28,122.73
2015-11-24,122.53,122.83,122.97,122.29
2015-11-25,122.72,122.51,122.95,122.23
2015-11-26,122.62,122.68,122.75,122.47
2015-11-27,122.84,122.60,122.89,122.28
2015-11-30,123.10,122.79,123.36,122.66
2015-12-01,122.87,123.08,123.29,122.62
2015-12-02,123.25,122.87,123.67,122.80
2015-12-03,122.61,123.24,123.58,122.27
2015-12-04,123.17,122.57,123.38,122.44
2015-12-07,123.38,123.20,123.47,123.12
2015-12-08,122.92,123.36,123.42,122.69
2015-12-09,121.44,122.92,123.06,121.05
2015-12-10,121.60,121.45,121.89,121.23
2015-12-11,120.86,121.58,122.22,120.57
2015-12-14,121.03,120.96,121.36,120.32
2015-12-15,121.68,121.02,121.82,120.55
2015-12-16,122.22,121.65,122.42,121.41
2015-12-17,122.56,122.19,122.88,122.17
2015-12-18,121.22,122.55,123.60,121.04
2015-12-21,121.19,121.21,121.55,120.83
2015-12-22,121.08,121.16,121.33,120.70
2015-12-23,120.93,121.06,121.14,120.78
2015-12-24,120.44,120.90,121.00,120.22
2015-12-25,120.42,120.46,120.48,120.02
2015-12-28,120.41,120.22,120.66,120.15
2015-12-29,120.47,120.38,120.50,120.20
2015-12-30,120.52,120.46,120.67,120.32
2015-12-31,120.32,120.49,120.60,119.98
2016-01-01,120.33,120.27,120.33,120.27
2016-01-04,119.44,120.27,120.47,118.68
2016-01-05,119.06,119.41,119.71,118.77
2016-01-06,118.47,119.05,119.17,118.22
2016-01-07,117.68,118.46,118.77,117.30
2016-01-08,117.45,117.66,118.77,117.42
2016-01-11,117.77,117.43,118.03,116.68
2016-01-12,117.64,117.73,118.08,117.20
2016-01-13,117.69,117.64,118.39,117.61
2016-01-14,118.05,117.66,118.28,117.27
2016-01-15,117.06,118.02,118.28,116.49
2016-01-18,117.34,116.88,117.47,116.55
2016-01-19,117.64,117.31,118.13,117.23
2016-01-20,116.94,117.61,117.69,115.96
2016-01-21,117.70,116.92,117.83,116.45
2016-01-22,118.78,117.70,118.89,117.52
2016-01-25,118.30,118.50,118.86,118.16
2016-01-26,118.42,118.29,118.62,117.63
2016-01-27,118.67,118.41,119.08,118.01
2016-01-28,118.83,118.67,119.00,118.39
2016-01-29,121.06,118.80,121.70,118.48
2016-02-01,120.98,121.10,121.48,120.66
2016-02-02,119.97,120.98,121.06,119.82
2016-02-03,117.92,119.94,120.06,117.03
2016-02-04,116.77,117.88,118.25,116.50
2016-02-05,116.90,116.77,117.42,116.42
2016-02-08,115.84,116.88,117.53,115.17
2016-02-09,115.11,115.84,115.86,114.22
2016-02-10,113.34,115.12,115.28,113.12
2016-02-11,112.42,113.31,113.59,110.98
2016-02-12,113.22,112.40,113.55,111.72
2016-02-15,114.58,113.20,114.72,113.04
2016-02-16,114.08,114.57,114.89,113.57
2016-02-17,114.11,114.06,114.52,113.35
2016-02-18,113.25,114.09,114.33,113.11
2016-02-19,112.57,113.23,113.40,112.28
2016-02-22,112.92,112.61,113.39,112.34
2016-02-23,112.11,112.88,113.06,111.75
2016-02-24,112.19,112.09,112.28,111.04
2016-02-25,113.00,112.17,113.03,111.87
2016-02-26,114.00,112.98,114.00,112.54
2016-02-29,112.69,113.84,114.01,112.62
2016-03-01,114.01,112.67,114.21,112.14
2016-03-02,113.48,114.00,114.58,113.19
2016-03-03,113.69,113.48,114.28,113.28
2016-03-04,113.76,113.68,114.26,113.15
2016-03-07,113.47,113.78,114.09,113.20
2016-03-08,112.61,113.45,113.52,112.41
2016-03-09,113.34,112.62,113.48,112.20
2016-03-10,113.19,113.34,114.45,112.61
2016-03-11,113.81,113.18,113.92,112.76
2016-03-14,113.83,113.82,114.02,113.48
2016-03-15,113.19,113.81,113.94,112.61
2016-03-16,112.59,113.14,113.83,112.31
2016-03-17,111.39,112.53,112.97,110.65
2016-03-18,111.57,111.38,111.77,110.80
2016-03-21,111.94,111.43,111.98,111.20
2016-03-22,112.38,111.94,112.50,111.36
2016-03-23,112.38,112.36,112.93,112.12
2016-03-24,112.91,112.37,113.02,112.27
2016-03-25,113.07,112.91,113.33,112.73
2016-03-28,113.45,113.08,113.70,113.03
2016-03-29,112.69,113.42,113.81,112.58
2016-03-30,112.42,112.69,112.81,111.99
2016-03-31,112.58,112.39,112.67,112.08
2016-04-01,111.67,112.56,112.59,111.56
2016-04-04,111.33,111.68,111.81,111.06
2016-04-05,110.33,111.32,111.36,109.94
2016-04-06,109.80,110.32,110.64,109.31
2016-04-07,108.22,109.78,109.86,107.67
2016-04-08,108.06,108.20,109.11,108.01
2016-04-11,107.94,108.05,108.44,107.61
2016-04-12,108.55,107.93,108.80,107.84
2016-04-13,109.34,108.53,109.41,108.48
2016-04-14,109.40,109.33,109.57,108.88
2016-04-15,108.77,109.37,109.77,108.57
2016-04-18,108.83,108.22,109.00,107.81
2016-04-19,109.20,108.80,109.52,108.73
2016-04-20,109.84,109.19,109.89,108.74
2016-04-21,109.45,109.86,109.91,109.29
2016-04-22,111.79,109.45,111.82,109.24
2016-04-25,111.20,111.54,111.92,110.82
2016-04-26,111.31,111.19,111.48,110.64
2016-04-27,111.47,111.30,111.77,111.00
2016-04-28,108.11,111.47,111.92,107.84
2016-04-29,106.36,108.09,108.20,106.27
2016-05-02,106.42,106.27,106.83,106.14
2016-05-03,106.61,106.40,106.69,105.52
2016-05-04,107.02,106.60,107.47,106.23
2016-05-05,107.25,106.99,107.50,106.78
2016-05-06,107.12,107.25,107.44,106.43
2016-05-09,108.33,107.10,108.61,107.00
2016-05-10,109.27,108.33,109.36,108.24
2016-05-11,108.42,109.25,109.39,108.34
2016-05-12,109.03,108.41,109.41,108.21
2016-05-13,108.61,109.00,109.50,108.50
2016-05-16,109.03,108.55,109.11,108.43
2016-05-17,109.14,109.01,109.66,108.82
2016-05-18,110.19,109.12,110.27,108.70
2016-05-19,109.97,110.18,110.39,109.68
2016-05-20,110.15,109.95,110.59,109.83
2016-05-23,109.23,110.08,110.25,109.08
2016-05-24,109.99,109.22,110.12,109.14
2016-05-25,110.19,109.98,110.47,109.84
2016-05-26,109.77,110.17,110.25,109.38
2016-05-27,110.23,109.75,110.47,109.45
2016-05-30,111.13,110.40,111.45,110.29
2016-05-31,110.71,111.10,111.37,110.48
2016-06-01,109.53,110.68,110.83,109.03
2016-06-02,108.86,109.52,109.59,108.49
2016-06-03,106.53,108.86,109.14,106.48
2016-06-06,107.56,106.43,107.66,106.35
2016-06-07,107.36,107.55,107.92,107.14
2016-06-08,106.98,107.33,107.39,106.57
2016-06-09,107.09,106.96,107.19,106.24
2016-06-10,106.98,107.06,107.28,106.53
2016-06-13,106.25,106.90,106.92,105.72
2016-06-14,106.11,106.25,106.42,105.60
2016-06-15,106.02,106.10,106.39,105.46
2016-06-16,104.25,106.00,106.03,103.58
2016-06-17,104.12,104.25,104.84,104.07
2016-06-20,103.94,104.33,104.86,103.76
2016-06-21,104.75,103.93,105.06,103.57
2016-06-22,104.41,104.73,104.86,104.29
2016-06-23,106.16,104.39,106.19,104.09
2016-06-24,102.23,106.13,106.85,99.08
2016-06-27,102.00,102.09,102.47,101.37
2016-06-28,102.76,101.98,102.85,101.52
2016-06-29,102.83,102.75,102.95,102.15
2016-06-30,103.29,102.80,103.33,102.32
2016-07-01,102.53,103.25,103.41,102.40
2016-07-04,102.56,102.51,102.81,102.40
2016-07-05,101.72,102.55,102.61,101.43
2016-07-06,101.33,101.72,101.78,100.18
2016-07-07,100.78,101.31,101.44,100.57
2016-07-08,100.55,100.76,101.25,100.02
2016-07-11,102.81,100.43,102.91,100.42
2016-07-12,104.69,102.79,104.97,102.42
2016-07-13,104.50,104.67,104.89,103.89
2016-07-14,105.34,104.48,105.95,103.97
2016-07-15,104.84,105.33,106.31,104.62
2016-07-18,106.16,105.12,106.26,105.04
2016-07-19,106.12,106.14,106.53,105.62
2016-07-20,106.84,106.11,107.03,105.81
2016-07-21,105.81,106.84,107.48,105.41
2016-07-22,106.08,105.80,106.39,105.54
2016-07-25,105.78,106.19,106.73,105.71
2016-07-26,104.66,105.79,105.89,103.98
2016-07-27,105.40,104.64,106.54,104.60
2016-07-28,105.27,105.38,105.53,104.50
2016-07-29,102.06,105.24,105.34,101.94
2016-08-01,102.39,102.05,102.69,101.98
2016-08-02,100.89,102.38,102.83,100.65
2016-08-03,101.23,100.88,101.58,100.72
2016-08-04,101.22,101.23,101.67,100.84
2016-08-05,101.81,101.21,102.06,100.84
2016-08-08,102.44,101.71,102.67,101.71
2016-08-09,101.89,102.44,102.53,101.76
2016-08-10,101.28,101.87,101.97,100.94
2016-08-11,101.95,101.27,102.06,101.00
2016-08-12,101.31,101.93,102.28,100.82
2016-08-15,101.25,101.20,101.47,100.85
2016-08-16,100.31,101.24,101.31,99.53
2016-08-17,100.27,100.30,101.18,100.02
2016-08-18,99.89,100.26,100.50,99.62
2016-08-19,100.22,99.87,100.46,99.84
2016-08-22,100.33,100.41,100.94,100.19
2016-08-23,100.25,100.31,100.41,99.91
2016-08-24,100.44,100.23,100.62,100.07
2016-08-25,100.53,100.42,100.62,100.27
2016-08-26,101.83,100.51,101.94,100.06
2016-08-29,101.92,101.81,102.41,101.81
2016-08-30,102.97,101.90,103.14,101.73
2016-08-31,103.42,102.95,103.53,102.84
2016-09-01,103.25,103.41,104.02,103.03
2016-09-02,103.99,103.22,104.33,102.79
2016-09-05,103.44,103.94,104.14,103.12
2016-09-06,102.02,103.41,103.83,101.91
2016-09-07,101.73,102.00,102.14,101.18
2016-09-08,102.50,101.73,102.61,101.39
2016-09-09,102.69,102.47,103.06,101.95
2016-09-12,101.86,102.67,102.80,101.54
2016-09-13,102.56,101.85,102.77,101.40
2016-09-14,102.42,102.54,103.36,102.22
2016-09-15,102.09,102.41,102.75,101.92
2016-09-16,102.30,102.07,102.47,101.72
2016-09-19,101.94,102.21,102.42,101.56
2016-09-20,101.71,101.93,102.08,101.52
2016-09-21,100.31,101.70,102.81,100.28
2016-09-22,100.75,100.31,100.94,100.07
2016-09-23,101.00,100.73,101.25,100.65
2016-09-26,100.33,101.03,101.11,100.22
2016-09-27,100.44,100.31,101.00,100.07
2016-09-28,100.67,100.41,100.83,100.23
2016-09-29,101.03,100.67,101.86,100.62
2016-09-30,101.34,101.02,101.77,100.73
2016-10-03,101.64,101.35,101.69,101.19
2016-10-04,102.89,101.62,102.97,101.54
2016-10-05,103.50,102.87,103.67,102.65
2016-10-06,103.94,103.48,104.17,103.32
2016-10-07,102.92,103.92,104.05,102.84
2016-10-10,103.61,103.07,103.81,102.78
2016-10-11,103.52,103.59,104.08,103.14
2016-10-12,104.20,103.49,104.50,103.25
2016-10-13,103.69,104.21,104.64,103.32
2016-10-14,104.19,103.69,104.48,103.58
2016-10-17,103.89,104.05,104.39,103.76
2016-10-18,103.86,103.87,104.22,103.65
2016-10-19,103.44,103.84,103.94,103.15
2016-10-20,103.95,103.43,104.11,103.32
2016-10-21,103.83,103.92,104.23,103.50
2016-10-24,104.19,103.84,104.33,103.69
2016-10-25,104.23,104.17,104.88,104.09
2016-10-26,104.47,104.21,104.62,103.99
2016-10-27,105.29,104.45,105.35,104.27
2016-10-28,104.70,105.27,105.55,104.46
2016-10-31,104.82,104.68,105.23,104.24
2016-11-01,104.16,104.81,105.14,103.78
2016-11-02,103.31,104.12,104.19,102.99
2016-11-03,102.98,103.29,103.45,102.54
2016-11-04,103.14,102.96,103.37,102.81
2016-11-07,104.47,103.12,104.64,103.08
2016-11-08,105.16,104.44,105.22,104.27
2016-11-09,105.67,105.12,105.91,101.15
2016-11-10,106.83,105.65,106.95,104.95
2016-11-11,106.68,106.81,106.94,106.00
2016-11-14,108.42,106.53,108.56,106.51
2016-11-15,109.17,108.40,109.36,107.74
2016-11-16,109.08,109.17,109.77,108.76
2016-11-17,110.11,109.04,110.20,108.51
2016-11-18,110.95,110.09,110.98,109.76
2016-11-21,110.83,110.89,111.40,110.42
2016-11-22,111.12,110.80,111.36,110.23
2016-11-23,112.52,111.09,112.98,110.81
2016-11-24,113.34,112.48,113.58,112.34
2016-11-25,113.08,113.32,113.91,112.53
2016-11-28,111.94,113.03,113.12,111.32
2016-11-29,112.39,111.91,113.36,111.58
2016-11-30,114.47,112.38,114.56,112.02
2016-12-01,114.09,114.44,114.83,113.79
2016-12-02,113.58,114.06,114.25,113.29
2016-12-05,113.84,113.52,114.80,112.84
2016-12-06,114.02,113.84,114.22,113.46
2016-12-07,113.77,113.99,114.41,113.38
2016-12-08,114.03,113.71,114.39,113.11
2016-12-09,115.40,114.00,115.40,113.96
2016-12-12,115.03,115.22,116.12,114.82
2016-12-13,115.19,115.01,115.50,114.71
2016-12-14,117.05,115.16,117.39,114.74
2016-12-15,118.17,117.03,118.67,116.96
2016-12-16,117.99,118.17,118.43,117.44
2016-12-19,117.08,117.87,118.03,116.52
2016-12-20,117.88,117.07,118.28,116.95
2016-12-21,117.55,117.83,118.07,117.07
2016-12-22,117.54,117.55,117.90,117.23
2016-12-23,117.35,117.51,117.67,117.14
2016-12-26,117.09,117.36,117.40,116.97
2016-12-27,117.42,117.06,117.64,117.04
2016-12-28,117.25,117.39,117.83,117.03
2016-12-29,116.55,117.23,117.27,116.19
2016-12-30,116.89,116.53,117.22,116.02
